{
  "1": {
    "name": "Archana Singh",
    "password": "archana123",
    "profession": "S/W Developer",
    "id": 1
  },
  "2": {
    "name": "Priyanka Singh",
    "password": "Priyanka@123",
    "profession": "Medical Representative",
    "id": 2
  },
  "3": {
    "name": "Sarita Pal",
    "password": "sarita123",
    "profession": "S/W Developer",
    "id": 4
  },
  "4": {
    "name": "Sonu",
    "password": "sonu@123",
    "profession": "S/W Developer",
    "id": 7
  },
  "5": {
    "name": "Rahul Singh",
    "password": "rahul",
    "profession": "HRD",
    "id": 3
  },
  "6": {
    "name": "Test Users",
    "password": "sonu@123",
    "profession": "S/W Developer",
    "id": 7
  }
}